{"cameraMode":{"drawMode":0,"name":"Shaded","section":"Shading Mode"},"sceneLighting":false,"audioPlay":false,"sceneViewState":{"m_AlwaysRefresh":false,"showFog":false,"showSkybox":false,"showFlares":false,"showImageEffects":false,"showParticleSystems":false,"showVisualEffectGraphs":true,"m_FxEnabled":true},"in2DMode":false,"pivot":{"x":0.04373214393854141,"y":1.2046380043029786,"z":-0.1847458779811859},"rotation":{"x":0.009883282706141472,"y":0.9789109230041504,"z":-0.1982404887676239,"w":0.048789750784635547},"size":1.4964230060577393,"orthographic":false}