{"cameraMode":{"drawMode":0,"name":"Shaded","section":"Shading Mode"},"sceneLighting":false,"audioPlay":false,"sceneViewState":{"m_AlwaysRefresh":false,"showFog":false,"showSkybox":false,"showFlares":false,"showImageEffects":false,"showParticleSystems":false,"showVisualEffectGraphs":true,"m_FxEnabled":true},"in2DMode":false,"pivot":{"x":0.43651747703552248,"y":0.1396506130695343,"z":0.11474286019802094},"rotation":{"x":0.058856092393398288,"y":0.9371223449707031,"z":-0.2840523421764374,"w":0.194162979722023},"size":2.0416955947875978,"orthographic":false}